"w2885","w2905","w2910","w2920","w2970","w2975","w2885_lag","w2905_lag","w2910_lag","w2920_lag","w2970_lag","w2975_lag","r349000","r449001","r449002","r449003","r548000","r548001","r548002","r549001","r549002","r549008","r549011","r349000_lag","r449001_lag","r449002_lag","r449003_lag","r548000_lag","r548001_lag","r548002_lag","r549001_lag","r549002_lag","r549008_lag","r549011_lag","ev.82863","ev.83033","ev.83064","ev.83228","ev.82863_lag","ev.83033_lag","ev.83064_lag","ev.83228_lag","tmed.82863","tmed.83033","tmed.83064","tmed.83228","tmed.82863_lag","tmed.83033_lag","tmed.83064_lag","tmed.83228_lag","tmax.82863","tmax.83033","tmax.83064","tmax.83228","tmax.82863_lag","tmax.83033_lag","tmax.83064_lag","tmax.83228_lag","tmin.82863","tmin.83033","tmin.83064","tmin.83228","tmin.82863_lag","tmin.83033_lag","tmin.83064_lag","tmin.83228_lag","u.82863","u.83033","u.83064","u.83228","u.82863_lag","u.83033_lag","u.83064_lag","u.83228_lag","tempo"
NA,NA,NA,NA,-0.979330711590073,NA,NA,NA,NA,NA,NA,NA,NA,NA,NA,NA,NA,NA,NA,NA,NA,NA,NA,NA,NA,NA,NA,NA,NA,NA,NA,NA,NA,NA,NA,NA,1.70168763103234,NA,NA,NA,NA,NA,NA,NA,-0.888580733628109,NA,NA,NA,NA,NA,NA,NA,0.423031117860788,NA,NA,NA,NA,NA,NA,NA,-2.56718172196941,NA,NA,NA,NA,NA,NA,NA,-0.975886322025749,NA,NA,NA,NA,NA,"X1969_7"
NA,NA,-1.08958167411308,-1.74518466650108,-1.2008904849654,NA,NA,NA,NA,NA,-0.977535632458848,NA,NA,NA,NA,NA,NA,NA,NA,NA,NA,NA,NA,NA,NA,NA,NA,NA,NA,NA,NA,NA,NA,NA,NA,NA,2.59464476729572,NA,NA,NA,1.69927682784889,NA,NA,NA,-0.0515169370125489,NA,NA,NA,-0.888580733628109,NA,NA,NA,1.31393528992237,NA,NA,NA,0.423031117860788,NA,NA,NA,-2.71339653900387,NA,NA,NA,-2.56512786595649,NA,NA,NA,-1.88450615969313,NA,NA,NA,-0.974406653483923,NA,"X1969_8"
NA,NA,-1.17327754505185,-1.84081024905729,-1.29320705720513,NA,NA,NA,-1.08773330862564,-1.7434835493368,-1.19900113789814,NA,NA,NA,NA,NA,NA,NA,NA,NA,NA,NA,NA,NA,NA,NA,NA,NA,NA,NA,NA,NA,NA,NA,NA,NA,1.60640257076034,NA,NA,NA,2.59146232493136,NA,NA,NA,1.01949438961031,NA,NA,NA,-0.0515169370125489,NA,NA,NA,1.17094074963431,NA,NA,NA,1.31393528992237,NA,NA,NA,-0.533832286716297,NA,NA,NA,-2.71133520531743,NA,NA,NA,-0.841390422230591,NA,NA,NA,-1.88212933633351,NA,"X1969_9"
NA,NA,-1.1510725180681,-1.82462745816316,-1.29012983813047,NA,NA,NA,-1.17134568001677,-1.83913683127151,-1.29127843183117,NA,NA,NA,NA,NA,NA,NA,NA,NA,NA,NA,NA,NA,NA,NA,NA,NA,NA,NA,NA,NA,NA,NA,NA,NA,-0.046112617385604,NA,NA,NA,1.60407410712363,NA,NA,NA,0.409115485146016,NA,NA,NA,1.01949438961031,NA,NA,NA,0.251766635523681,NA,NA,NA,1.17094074963431,NA,NA,NA,0.235614952523178,NA,NA,NA,-0.531882419639386,NA,NA,NA,0.468819245403668,NA,NA,NA,-0.840043552511191,NA,"X1969_10"
NA,NA,-1.1784017820481,-1.37003815031901,-1.06549284568048,NA,NA,NA,-1.14916280597422,-1.82294935279025,-1.2882025220334,NA,NA,NA,NA,NA,NA,NA,NA,NA,NA,NA,NA,NA,NA,NA,NA,NA,NA,NA,NA,NA,NA,NA,NA,NA,-0.167260765445727,NA,NA,NA,-0.0470130780259382,NA,NA,NA,-0.0462153990427076,NA,NA,NA,0.409115485146016,NA,NA,NA,-0.129131997322303,NA,NA,NA,0.251766635523681,NA,NA,NA,0.110955189290592,NA,NA,NA,0.237525468764305,NA,NA,NA,0.522528792213704,NA,NA,NA,0.468872437759979,NA,"X1969_11"
NA,NA,-1.02809083015806,-0.291675811646648,-0.320805829613395,NA,NA,NA,-1.17646480479582,-1.3682283663622,-1.06366110679635,NA,NA,NA,NA,NA,NA,NA,NA,NA,NA,NA,NA,NA,NA,NA,NA,NA,NA,NA,NA,NA,NA,NA,NA,NA,NA,NA,NA,NA,-0.168056537233773,NA,NA,NA,NA,NA,NA,NA,-0.0462153990427076,NA,NA,NA,NA,NA,NA,NA,-0.129131997322303,NA,NA,NA,NA,NA,NA,NA,0.112872080843269,NA,NA,NA,NA,NA,NA,NA,0.522528952733503,NA,"X1969_12"
NA,NA,-0.604487238467926,0.532175361145335,0.537738292216013,NA,NA,NA,-1.02630381127706,-0.289553663929321,-0.319290935736522,NA,NA,NA,NA,NA,NA,NA,NA,NA,NA,NA,NA,NA,NA,NA,NA,NA,NA,NA,NA,NA,NA,NA,NA,NA,-0.926818817328293,NA,NA,NA,NA,NA,NA,NA,-1.22098417875678,NA,NA,NA,NA,NA,NA,NA,-1.3670115864706,NA,NA,NA,NA,NA,NA,NA,-0.260692012635037,NA,NA,NA,NA,NA,NA,NA,1.17633124910246,NA,NA,NA,NA,NA,"X1970_1"
NA,NA,0.288838077878601,1.00883211111784,1.22549675540194,NA,NA,NA,-0.603122829542371,0.534536149661966,0.538887897840717,NA,NA,NA,NA,NA,NA,NA,NA,NA,NA,NA,NA,NA,NA,NA,NA,NA,NA,NA,NA,NA,NA,NA,NA,NA,-0.741693557371252,NA,NA,NA,-0.926958225300871,NA,NA,NA,-0.654136744232483,NA,NA,NA,-1.22098417875678,NA,NA,NA,-0.885036054443674,NA,NA,NA,-1.3670115864706,NA,NA,NA,0.00592250146627766,NA,NA,NA,-0.258756114414629,NA,NA,NA,0.853381805868705,NA,NA,NA,1.17568585688418,NA,"X1970_2"
NA,NA,1.4007975060652,1.54433537343263,1.89786912321457,NA,NA,NA,0.28931125693844,1.01133097038264,1.22635373764184,NA,NA,NA,NA,NA,NA,NA,NA,NA,NA,NA,NA,NA,NA,NA,NA,NA,NA,NA,NA,NA,NA,NA,NA,NA,-0.672271584887361,NA,NA,NA,-0.74199293932036,NA,NA,NA,-0.722378584552269,NA,NA,NA,-0.654136744232483,NA,NA,NA,-0.685247401205466,NA,NA,NA,-0.885036054443674,NA,NA,NA,-0.478984493435448,NA,NA,NA,0.00784476456860759,NA,NA,NA,0.797133904717742,NA,NA,NA,0.853055288098114,NA,"X1970_3"
NA,NA,0.825174883486267,1.07503443750291,1.33935386116426,NA,NA,NA,1.40016133399199,1.54698934921698,1.89844002845412,NA,NA,NA,NA,NA,NA,NA,NA,NA,NA,NA,NA,NA,NA,NA,NA,NA,NA,NA,NA,NA,NA,NA,NA,NA,-0.67635523032759,NA,NA,NA,-0.672630957077668,NA,NA,NA,-0.360127864513729,NA,NA,NA,-0.722378584552269,NA,NA,NA,-0.544338252203863,NA,NA,NA,-0.685247401205466,NA,NA,NA,-0.0741818087707913,NA,NA,NA,-0.477037431367635,NA,NA,NA,0.680891111639428,NA,NA,NA,0.796862925108895,NA,"X1970_4"
NA,NA,0.205142206939825,0.373289777821167,0.562356044813272,NA,NA,NA,0.825112983812196,1.07755247326051,1.34016240015925,NA,NA,NA,NA,NA,NA,NA,NA,NA,NA,NA,NA,NA,NA,NA,NA,NA,NA,NA,NA,NA,NA,NA,NA,NA,-0.208097219848015,NA,NA,NA,-0.676711073680179,NA,NA,NA,-0.277706222798493,NA,NA,NA,-0.360127864513729,NA,NA,NA,0.199069793189233,NA,NA,NA,-0.544338252203863,NA,NA,NA,-1.32332475561829,NA,NA,NA,-0.0722554489982844,NA,NA,NA,-0.182964035258753,NA,NA,NA,0.680734908065091,NA,"X1970_5"
NA,NA,-0.686475030407952,-0.785986515321838,-0.52544089807811,NA,NA,NA,0.205698885547312,0.375604542755075,0.56349517622286,NA,NA,NA,NA,NA,NA,NA,NA,NA,NA,NA,NA,NA,NA,NA,NA,NA,NA,NA,NA,NA,NA,NA,NA,NA,1.285155796129,NA,NA,NA,-0.208857703258886,NA,NA,NA,-0.768441826768127,NA,NA,NA,-0.277706222798493,NA,NA,NA,0.303091254656659,NA,NA,NA,0.199069793189233,NA,NA,NA,-2.18304160309528,NA,NA,NA,-1.32133451255857,NA,NA,NA,-0.638586471218367,NA,NA,NA,-0.182267283862495,NA,"X1970_6"
NA,NA,-0.956351512210535,-1.36268233627623,-0.945481301768842,NA,NA,NA,-0.685028826007149,-0.784007552084093,-0.523838937288086,NA,NA,NA,NA,NA,NA,NA,NA,NA,NA,NA,NA,NA,NA,NA,NA,NA,NA,NA,NA,NA,NA,NA,NA,NA,1.45394647432513,NA,NA,NA,1.28310493439274,NA,NA,NA,-1.17750730228904,NA,NA,NA,-0.768441826768127,NA,NA,NA,0.200716665230878,NA,NA,NA,0.303091254656659,NA,NA,NA,-2.7587027544467,NA,NA,NA,-2.18100739265904,NA,NA,NA,-1.20788728185203,NA,NA,NA,-0.637439846457503,NA,"X1970_7"
NA,NA,-1.08958167411308,-1.67751117730745,-1.16704107514417,NA,NA,NA,-0.954636064370376,-1.36087042159799,-0.943700624683401,NA,NA,NA,NA,NA,NA,NA,NA,NA,NA,NA,NA,NA,NA,NA,NA,NA,NA,NA,NA,NA,NA,NA,NA,NA,2.33465267426782,NA,NA,NA,1.45174975396321,NA,NA,NA,0.51533049751175,NA,NA,NA,-1.17750730228904,NA,NA,NA,1.07185990429182,NA,NA,NA,0.200716665230878,NA,NA,NA,-2.25415846968164,NA,NA,NA,-2.75663910372362,NA,NA,NA,-2.26249201336457,NA,NA,NA,-1.20617853975247,NA,"X1970_8"
NA,NA,-1.1544886760656,-1.79961769041769,-1.2701279141452,NA,NA,NA,-1.08773330862564,-1.67579045750609,-1.16516613012269,NA,NA,NA,NA,NA,NA,NA,NA,NA,NA,NA,NA,NA,NA,NA,NA,NA,NA,NA,NA,NA,NA,NA,NA,NA,1.30557402333015,NA,NA,NA,2.33169490123814,NA,NA,NA,0.797139442227333,NA,NA,NA,0.51533049751175,NA,NA,NA,0.902077402592309,NA,NA,NA,1.07185990429182,NA,NA,NA,-0.350823725729178,NA,NA,NA,-2.25212062220832,NA,NA,NA,-1.22133483628078,NA,NA,NA,-2.25974197359955,NA,"X1970_9"
NA,NA,-1.1681533080556,-1.51274094274905,-1.07780172197911,NA,NA,NA,-1.15257555582692,-1.79793234059194,-1.26820910834791,NA,-1.06397861804061,NA,NA,NA,NA,NA,NA,NA,NA,NA,NA,NA,NA,NA,NA,NA,NA,NA,NA,NA,NA,NA,NA,NA,-0.527982779332609,NA,NA,NA,1.3035055174053,NA,NA,NA,0.130094219607495,NA,NA,NA,0.797139442227333,NA,NA,NA,-0.113817006234461,NA,NA,NA,0.902077402592309,NA,NA,NA,0.297396445583146,NA,NA,NA,-0.348883218020217,NA,NA,NA,0.156254040474907,NA,NA,NA,-1.21961281630884,NA,"X1970_10"
NA,NA,-0.751382032360472,-0.647697211317469,-0.483898440570235,NA,NA,NA,-1.16622655523772,-1.51097249478783,-1.07596474598742,NA,-0.920097977398611,NA,NA,NA,NA,NA,NA,NA,NA,NA,NA,-1.06397861804061,NA,NA,NA,NA,NA,NA,NA,NA,NA,NA,NA,NA,-1.21403521329106,NA,NA,NA,-0.528466837122269,NA,NA,NA,-0.47841400540903,NA,NA,NA,0.130094219607495,NA,NA,NA,-0.842130085911681,NA,NA,NA,-0.113817006234461,NA,NA,NA,0.142875361370141,NA,NA,NA,0.299303802214017,NA,NA,NA,0.526910334019035,NA,NA,NA,0.156615854069554,NA,"X1970_11"
NA,NA,-1.03492314615306,-0.797755817790295,-0.594678327257901,NA,NA,NA,-0.749871073208431,-0.645678190516984,-0.482314155018219,NA,-1.15610772393403,NA,NA,NA,NA,NA,NA,NA,NA,NA,NA,-0.920097977398611,NA,NA,NA,NA,NA,NA,NA,NA,NA,NA,NA,NA,NA,NA,NA,NA,-1.21392642634416,NA,NA,NA,NA,NA,NA,NA,-0.47841400540903,NA,NA,NA,NA,NA,NA,NA,-0.842130085911681,NA,NA,NA,NA,NA,NA,NA,0.144790620471124,NA,NA,NA,NA,NA,NA,NA,0.526906168283587,NA,"X1970_12"
NA,NA,-0.74454971636547,-0.812467445875866,-0.579292231884614,NA,NA,NA,-1.03312931098246,-0.795780263706825,-0.593046907737863,NA,NA,NA,NA,NA,NA,NA,NA,NA,NA,NA,NA,-1.15610772393403,NA,NA,NA,NA,NA,NA,NA,NA,NA,NA,NA,NA,-0.970377702024068,NA,NA,NA,NA,NA,NA,NA,-0.795022876595686,NA,NA,NA,NA,NA,NA,NA,-0.810402018875002,NA,NA,NA,NA,NA,NA,NA,-0.244216735017899,NA,NA,NA,NA,NA,NA,NA,0.634188065773993,NA,NA,NA,NA,NA,"X1971_1"
NA,NA,-0.0596100378665072,-0.347579998371818,-0.151558780507239,NA,NA,NA,-0.743045573503033,-0.810496153235241,-0.577667358749024,NA,NA,NA,NA,NA,NA,NA,NA,NA,NA,NA,NA,NA,NA,NA,NA,NA,NA,NA,NA,NA,NA,NA,NA,NA,-0.951320689969666,NA,NA,NA,-0.970479469060992,NA,NA,NA,-1.45415033969242,NA,NA,NA,-0.795022876595686,NA,NA,NA,-0.985313000590123,NA,NA,NA,-0.810402018875002,NA,NA,NA,-0.732801572146632,NA,NA,NA,-0.242281679371108,NA,NA,NA,1.06865977723224,NA,NA,NA,0.634077975943675,NA,"X1971_2"
NA,NA,0.35203700083237,0.0643455880241734,0.199244194003702,NA,NA,NA,-0.058789228036867,-0.345474044137301,-0.150115896859288,NA,NA,NA,NA,NA,NA,NA,NA,NA,NA,NA,NA,NA,NA,NA,NA,NA,NA,NA,NA,NA,NA,NA,NA,NA,-0.763472999719139,NA,NA,NA,-0.951438924915939,NA,NA,NA,-1.12412512269889,NA,NA,NA,-1.45415033969242,NA,NA,NA,-1.03765657713015,NA,NA,NA,-0.985313000590123,NA,NA,NA,-0.483103472440593,NA,NA,NA,-0.730841529443274,NA,NA,NA,0.962502725088065,NA,NA,NA,1.06812069788071,NA,"X1971_3"
NA,NA,1.19753610521388,0.59102187348762,0.860846295055038,NA,NA,NA,0.352447129213373,0.0665708626583425,0.20053782008625,NA,-0.883701297798793,NA,NA,NA,NA,NA,NA,NA,NA,NA,NA,NA,NA,NA,NA,NA,NA,NA,NA,NA,NA,NA,NA,NA,-0.93906975364898,NA,NA,NA,-0.76375356120042,NA,NA,NA,-1.07577407278631,NA,NA,NA,-1.12412512269889,NA,NA,NA,-1.23691635267612,NA,NA,NA,-1.03765657713015,NA,NA,NA,-0.216759002995072,NA,NA,NA,-0.481156199721213,NA,NA,NA,1.04769082516105,NA,NA,NA,0.96206846329259,NA,"X1971_4"
NA,NA,0.826882962485018,0.00549907568188887,0.186935317705072,NA,NA,NA,1.1971027177564,0.593399707775629,0.861858426606344,NA,0.155878987461339,NA,NA,NA,NA,NA,NA,NA,NA,NA,NA,-0.883701297798793,NA,NA,NA,NA,NA,NA,NA,NA,NA,NA,NA,NA,0.20026732417487,NA,NA,NA,-0.939198575108405,NA,NA,NA,NA,NA,NA,NA,-1.07577407278631,NA,NA,NA,NA,NA,NA,NA,-1.23691635267612,NA,NA,NA,-0.561496861454199,NA,NA,NA,-0.214825351583229,NA,NA,NA,0.144139058229458,NA,NA,NA,1.04717245017408,NA,"X1971_5"
NA,NA,-0.194548278767799,-0.956641401114463,-0.646991051527076,NA,NA,NA,0.826819358738545,0.00770730454467916,0.188234180895178,NA,-0.127332724041606,NA,NA,NA,NA,NA,NA,NA,NA,NA,NA,0.155878987461339,NA,NA,NA,NA,NA,NA,NA,NA,NA,NA,NA,NA,0.619521589371699,NA,NA,NA,0.199153956992242,NA,NA,NA,NA,NA,NA,NA,NA,NA,NA,NA,NA,NA,NA,NA,NA,NA,NA,NA,-1.53399789134331,NA,NA,NA,-0.559545579564053,NA,NA,NA,-0.326869287255134,NA,NA,NA,0.144512833938774,NA,"X1971_6"
NA,NA,-0.765046664350476,-1.55687582700576,-1.07780172197911,NA,NA,NA,-0.193592847218481,-0.954711870613716,-0.645337374299917,NA,-0.86152206052186,NA,NA,NA,NA,NA,NA,NA,NA,NA,NA,-0.127332724041606,NA,NA,NA,NA,NA,NA,NA,NA,NA,NA,NA,NA,1.43216703197724,NA,NA,NA,0.618045928183401,NA,NA,NA,NA,NA,NA,NA,NA,NA,NA,NA,NA,NA,NA,NA,NA,NA,NA,NA,-2.79783050138181,NA,NA,NA,-1.53199687410241,NA,NA,NA,-1.17457117456777,NA,NA,NA,-0.326030446412021,NA,"X1971_7"
NA,NA,-0.901692984250518,-1.78637722514067,-1.25628042830924,NA,NA,NA,-0.763522072619228,-1.55512016337308,-1.07596474598742,NA,-0.932609337727087,NA,NA,NA,NA,NA,NA,NA,NA,NA,NA,-0.86152206052186,NA,NA,NA,NA,NA,NA,NA,NA,NA,NA,NA,NA,2.18764143841958,NA,NA,NA,1.42998913208315,NA,NA,NA,NA,NA,NA,NA,NA,NA,NA,NA,NA,NA,NA,NA,NA,NA,NA,NA,-2.13677459047286,NA,NA,NA,-2.79576484959944,NA,NA,NA,-1.82393154891619,NA,NA,NA,-1.17289532819084,NA,"X1971_8"
NA,NA,-1.00076156617805,-1.88347397050544,-1.3239792479517,NA,NA,NA,-0.900032066727191,-1.78468804001637,-1.25436751425796,NA,-0.92237277406836,NA,NA,NA,NA,NA,NA,NA,NA,NA,NA,-0.932609337727087,NA,NA,NA,NA,NA,NA,NA,NA,NA,NA,NA,NA,1.54378667401016,NA,NA,NA,2.18481070354773,NA,NA,NA,NA,NA,NA,NA,NA,NA,NA,NA,NA,NA,NA,NA,NA,NA,NA,NA,-0.0507741081814163,NA,NA,NA,-2.13474274621006,NA,NA,NA,-1.09739908843998,NA,NA,NA,-1.82161453583325,NA,"X1971_9"
NA,-1.37393491888931,-0.997345408180548,-1.7716655970551,-1.25628042830924,-1.29073486324446,NA,NA,-0.999001812455464,-1.88181291090391,-1.32203752980885,NA,-0.504948309125739,NA,NA,NA,NA,NA,NA,NA,NA,NA,NA,-0.92237277406836,NA,NA,NA,NA,NA,NA,NA,NA,NA,NA,NA,NA,-0.325161722467909,NA,NA,NA,1.54151231921845,NA,NA,NA,-0.758774517063825,NA,NA,NA,NA,NA,NA,NA,-0.780870121560319,NA,NA,NA,NA,NA,NA,NA,-0.299751450401898,NA,NA,NA,-0.0488489455183862,NA,NA,NA,0.416725069619733,NA,NA,NA,-1.09579944038715,NA,"X1971_10"
NA,-0.794326077997161,-0.81116479731674,-0.781573026896166,-0.643913832452419,-0.708681964708101,NA,-1.37194798564976,-0.995589062602765,-1.76997215048795,-1.25436751425796,-1.28878058925782,-0.949101585617698,NA,NA,NA,NA,NA,NA,NA,NA,NA,NA,-0.504948309125739,NA,NA,NA,NA,NA,NA,NA,NA,NA,NA,NA,NA,-0.854674414550917,NA,NA,NA,-0.325821045864209,NA,NA,NA,-1.11533813273471,NA,NA,NA,-0.758774517063825,NA,NA,NA,-1.49556970565956,NA,NA,NA,-0.780870121560319,NA,NA,NA,-0.238038904913623,NA,NA,NA,-0.297813554615649,NA,NA,NA,0.822979090009591,NA,NA,NA,0.416829698824379,NA,"X1971_11"
NA,-0.0698150268819792,-0.823121350307994,-0.0150972036379107,0.036151583046861,-0.0485261213202132,NA,-0.792359091624188,-0.809594195630665,-0.779592785225568,-0.642261464502149,-0.706802896789246,-0.71422923250208,NA,NA,NA,NA,NA,NA,NA,NA,NA,NA,-0.949101585617698,NA,NA,NA,NA,NA,NA,NA,NA,NA,NA,NA,NA,NA,NA,NA,NA,-0.854876165323172,NA,NA,NA,NA,NA,NA,NA,-1.11533813273471,NA,NA,NA,NA,NA,NA,NA,-1.49556970565956,NA,NA,NA,NA,NA,NA,NA,-0.236104165211533,NA,NA,NA,NA,NA,NA,NA,0.822682591331558,NA,"X1971_12"
NA,0.0720041575916308,-0.136473592810281,0.137903728452029,0.220784727526304,0.163467586133925,NA,-0.0678729740922219,-0.821538820115112,-0.012894940795103,0.0375146008045522,-0.0467323510181745,0.335587603959612,NA,NA,NA,NA,NA,NA,NA,NA,NA,NA,-0.71422923250208,NA,NA,NA,NA,NA,NA,NA,NA,NA,NA,NA,NA,NA,NA,NA,NA,NA,NA,NA,NA,NA,NA,NA,NA,NA,NA,NA,NA,NA,NA,NA,NA,NA,NA,NA,NA,NA,NA,NA,NA,NA,NA,NA,NA,NA,NA,NA,NA,NA,NA,"X1972_1"
NA,0.383389758283688,0.526261058704925,0.449790243866137,0.50696610146944,0.449845050589516,NA,0.073941329765099,-0.135576099722596,0.140150310300422,0.222069188670625,0.165233965088592,0.479468271549763,NA,NA,NA,NA,NA,NA,NA,NA,NA,NA,0.335587603959612,NA,NA,NA,NA,NA,NA,NA,NA,NA,NA,NA,NA,-1.07791369861676,NA,NA,NA,NA,NA,NA,NA,-1.03535016564988,NA,NA,NA,NA,NA,NA,NA,-1.10665112248057,NA,NA,NA,NA,NA,NA,NA,-0.317289031345845,NA,NA,NA,NA,NA,NA,NA,0.893990668118798,NA,NA,NA,NA,NA,"X1972_2"
NA,0.913670187185012,0.83371527848002,0.905850714518842,1.1162554782516,1.09326454865208,NA,0.385316214321391,0.526497371701026,0.452127168302837,0.508128799863038,0.451574427197733,0.872438710850481,NA,NA,NA,NA,NA,NA,NA,NA,NA,NA,0.479468271549763,NA,NA,NA,NA,NA,NA,NA,NA,NA,NA,NA,NA,-0.756666923985424,NA,NA,NA,-1.07792253959379,NA,NA,NA,-0.762553408971533,NA,NA,NA,-1.03535016564988,NA,NA,NA,-0.924029553252426,NA,NA,NA,-1.10665112248057,NA,NA,NA,-0.289522950460728,NA,NA,NA,-0.315350238657986,NA,NA,NA,0.672955843711766,NA,NA,NA,0.893624053891028,NA,"X1972_3"
NA,0.855092697945912,1.16337452523887,0.876427458347699,1.11317825917694,1.08024739117682,NA,0.915578393961808,0.833644858443943,0.908319743683728,1.11715893982108,1.09491079011827,0.60913143834461,NA,NA,NA,NA,NA,NA,NA,NA,NA,NA,0.872438710850481,NA,NA,NA,NA,NA,NA,NA,NA,NA,NA,NA,NA,-0.564735588294668,NA,NA,NA,-0.756953366862901,NA,NA,NA,-0.634233158480212,NA,NA,NA,-0.762553408971533,NA,NA,NA,-0.683875178003992,NA,NA,NA,-0.924029553252426,NA,NA,NA,-0.295495214656811,NA,NA,NA,-0.2875855777773,NA,NA,NA,0.519399076574138,NA,NA,NA,0.672807475277668,NA,"X1972_4"
NA,-0.251713546098131,0.0719120450372836,-0.121020925854023,0.0515376784201479,0.0109808842809485,NA,0.857002920629437,1.1629752192294,0.878887964626896,1.11408303002331,1.08189531456785,-0.375853818702559,NA,NA,NA,NA,NA,NA,NA,NA,NA,NA,0.60913143834461,NA,NA,NA,NA,NA,NA,NA,NA,NA,NA,NA,NA,0.50926316248552,NA,NA,NA,-0.565187886544871,NA,NA,NA,0.291342864099122,NA,NA,NA,-0.634233158480212,NA,NA,NA,0.210597386981052,NA,NA,NA,-0.683875178003992,NA,NA,NA,-0.341006996007833,NA,NA,NA,-0.293557536541671,NA,NA,NA,-0.283517989799336,NA,NA,NA,0.519402327318636,NA,"X1972_5"
NA,-0.925354672347779,-0.621568028455431,-1.01401675064819,-0.703919604408238,-0.762610188534154,NA,-0.249765233387481,0.0726016412920477,-0.118849345399697,0.0528941497933916,0.0127669657837249,-0.460021141421161,NA,NA,NA,NA,NA,NA,NA,NA,NA,NA,-0.375853818702559,NA,NA,NA,NA,NA,NA,NA,NA,NA,NA,NA,NA,1.08641838470453,NA,NA,NA,0.507882779915596,NA,NA,NA,-0.22421315021782,NA,NA,NA,0.291342864099122,NA,NA,NA,0.396682696693565,NA,NA,NA,0.210597386981052,NA,NA,NA,-1.61911813742096,NA,NA,NA,-0.339066990343066,NA,NA,NA,-0.768155662142843,NA,NA,NA,-0.282721953244395,NA,"X1972_6"
NA,-1.2444478374134,-0.853866772285504,-1.53627954768596,-1.05933840753116,-1.08617953149047,NA,-0.923383176709756,-0.620186578805866,-1.01210383977454,-0.702241705558623,-0.760724152640967,-0.879720407694378,NA,NA,NA,NA,NA,NA,NA,NA,NA,NA,-0.460021141421161,NA,NA,NA,NA,NA,NA,NA,NA,NA,NA,NA,NA,1.39949786845541,NA,NA,NA,1.08453925973719,NA,NA,NA,-0.36575952238612,NA,NA,NA,-0.22421315021782,NA,NA,NA,0.62229038290706,NA,NA,NA,0.396682696693565,NA,NA,NA,-1.76196984512512,NA,NA,NA,-1.61711276698643,NA,NA,NA,-0.84504509965298,NA,NA,NA,-0.766881103102915,NA,"X1972_7"
NA,-1.37085189313988,-0.970016144200539,-1.7098767590957,-1.22243101848801,-1.21263191839294,NA,-1.24246536038873,-0.852253568789404,-1.5345179180333,-1.05750928720081,-1.08425168775129,-0.967299925926063,NA,NA,NA,NA,NA,NA,NA,NA,NA,NA,-0.879720407694378,NA,NA,NA,NA,NA,NA,NA,NA,NA,NA,NA,NA,1.4689198409393,NA,NA,NA,1.39734819926306,NA,NA,NA,0.539545261526221,NA,NA,NA,-0.36575952238612,NA,NA,NA,1.07185990429182,NA,NA,NA,0.62229038290706,NA,NA,NA,-1.05972605937505,NA,NA,NA,-1.75995716901217,NA,NA,NA,-1.00132770211736,NA,NA,NA,-0.843694621371097,NA,"X1972_8"
NA,-1.43097089525369,-1.05371201513932,-1.81727164412037,-1.28397539998115,-1.30933080249483,NA,-1.36886506600069,-0.968287063781173,-1.70816541446861,-1.22053250648251,-1.21068773595533,-1.07762737475487,NA,NA,NA,NA,NA,NA,NA,NA,NA,NA,-0.967299925926063,NA,NA,NA,NA,NA,NA,NA,NA,NA,NA,NA,NA,1.59823527987988,NA,NA,NA,1.46671018150575,NA,NA,NA,1.5364263300327,NA,NA,NA,0.539545261526221,NA,NA,NA,1.31558216196401,NA,NA,NA,1.07185990429182,NA,NA,NA,0.185435165207244,NA,NA,NA,-1.05774929719938,NA,NA,NA,-1.09677317535709,NA,NA,NA,-0.99982291321631,NA,"X1972_9"
NA,-1.38318399613759,-1.11691093809309,-1.80403117884336,-1.29012983813047,-1.33164592959526,NA,-1.4289819991576,-1.0518994351723,-1.81559140802604,-1.28205070243787,-1.30737412575842,-0.905311819044504,NA,NA,NA,NA,NA,NA,NA,NA,NA,NA,-1.07762737475487,NA,NA,NA,NA,NA,NA,NA,NA,NA,NA,NA,NA,-0.018888314450745,NA,NA,NA,1.5959138739186,NA,NA,NA,0.415168536382382,NA,NA,NA,1.5364263300327,NA,NA,NA,0.0936766190200382,NA,NA,NA,1.31558216196401,NA,NA,NA,0.296092187351975,NA,NA,NA,0.187348247727733,NA,NA,NA,0.0235955444759188,NA,NA,NA,-1.09517414531954,NA,"X1972_10"
NA,-1.22286665716742,-1.11861901709184,-1.48920233781214,-1.08549476966575,-1.13266937961638,NA,-1.38119674459698,-1.11503530744723,-1.80234710745047,-1.2882025220334,-1.32968636955913,-0.0960543449145304,NA,NA,NA,NA,NA,NA,NA,NA,NA,NA,-0.905311819044504,NA,NA,NA,NA,NA,NA,NA,NA,NA,NA,NA,NA,-0.619184194164386,NA,NA,NA,-0.019812300675863,NA,NA,NA,-0.061001699793996,NA,NA,NA,0.415168536382382,NA,NA,NA,-0.557951747781847,NA,NA,NA,0.0936766190200382,NA,NA,NA,0.402492335348176,NA,NA,NA,0.297999610684823,NA,NA,NA,0.578237234854975,NA,NA,NA,0.0240883426736679,NA,"X1972_11"
NA,-0.871401721732819,-1.11691093809309,-1.00077628537118,-0.730075966542826,-0.78492531563459,NA,-1.22088492284522,-1.11674168237358,-1.48742707154237,-1.08365452048184,-1.13073552900278,0.056356800780752,NA,NA,NA,NA,NA,NA,NA,NA,NA,NA,-0.0960543449145304,NA,NA,NA,NA,NA,NA,NA,NA,NA,NA,NA,NA,-0.506203336984722,NA,NA,NA,-0.619589441245021,NA,NA,NA,-0.334940654274701,NA,NA,NA,-0.061001699793996,NA,NA,NA,-0.805461913249767,NA,NA,NA,-0.557951747781847,NA,NA,NA,0.231496611921476,NA,NA,NA,0.404394317197141,NA,NA,NA,0.722627038069127,NA,NA,NA,0.578182389864619,NA,"X1972_12"
NA,0.290898985800898,-0.355107704650349,0.376232103438281,0.442344500901635,0.3977764206885,NA,-0.869432082850993,-1.11503530744723,-0.998859539198964,-0.72838693883965,-0.783036396441679,0.588658294417602,NA,NA,NA,NA,NA,NA,NA,0.432738990890154,NA,NA,0.056356800780752,NA,NA,NA,NA,NA,NA,NA,NA,NA,NA,NA,NA,-0.310188355853736,NA,NA,NA,-0.506706215242209,NA,NA,NA,0.0216775548684456,NA,NA,NA,-0.334940654274701,NA,NA,NA,-0.355892902364716,NA,NA,NA,-0.805461913249767,NA,NA,NA,0.30975274419514,NA,NA,NA,0.23340733878152,NA,NA,NA,0.597237486349863,NA,NA,NA,0.722429625194795,NA,"X1973_1"
NA,0.270859318429628,-0.279952228705325,0.352693498501367,0.468500863036222,0.421951141713972,NA,0.292828624849225,-0.353992090295338,0.378547720660758,0.443534694109912,0.399512524996071,0.818981080463941,NA,NA,NA,NA,NA,NA,NA,0.794359885463836,NA,NA,0.588658294417602,NA,NA,NA,NA,NA,NA,NA,0.432738990890154,NA,NA,NA,NA,-0.986712283784983,NA,NA,NA,-0.310860618321668,NA,NA,NA,-1.05262046938881,NA,NA,NA,0.0216775548684456,NA,NA,NA,-1.20045186939568,NA,NA,NA,-0.355892902364716,NA,NA,NA,0.0674824685320122,NA,NA,NA,0.31165946890396,NA,NA,NA,1.12029967216591,NA,NA,NA,0.597163880854331,NA,"X1973_2"
NA,0.944500444679275,1.27439966015766,0.93233164507287,1.18395429789406,1.16392911780346,NA,0.272789647130256,-0.278911593535958,0.355002297415293,0.469679927390939,0.423684122446842,1.6828336009418,NA,NA,NA,NA,NA,NA,NA,0.855780217444418,NA,NA,0.818981080463941,NA,NA,NA,NA,NA,NA,NA,0.794359885463836,NA,NA,NA,NA,-0.892788438659719,NA,NA,NA,-0.986799935471037,NA,NA,NA,-0.502243203025696,NA,NA,NA,-1.05262046938881,NA,NA,NA,-0.840044184125519,NA,NA,NA,-1.20045186939568,NA,NA,NA,0.27268384835916,NA,NA,NA,0.0694015833533017,NA,NA,NA,0.975223340021297,NA,NA,NA,1.11970960451475,NA,"X1973_3"
NA,1.33758622773113,2.01570594561539,1.26775676542389,1.62091940649541,1.60465287803706,NA,0.94640759045253,1.27388958944212,0.934808344834877,1.18482895537197,1.16556622882053,2.01722814412771,NA,NA,NA,NA,NA,NA,NA,0.926862193759213,NA,NA,1.6828336009418,NA,NA,NA,NA,NA,NA,NA,0.855780217444418,NA,NA,NA,NA,-0.602849612403471,NA,NA,NA,-0.892957253613277,NA,NA,NA,-0.165638619602333,NA,NA,NA,-0.502243203025696,NA,NA,NA,-0.586880234447668,NA,NA,NA,-0.840044184125519,NA,NA,NA,0.196075435368242,NA,NA,NA,0.274592468834134,NA,NA,NA,0.80357495820189,NA,NA,NA,0.974776518120374,NA,"X1973_4"
NA,0.614616689490661,0.820050646490016,0.673406990766818,0.968548962668046,0.951935410349319,NA,1.33947984570923,2.01445630747783,1.27033062608276,1.62160814665501,1.60623304388459,0.447621147494226,NA,NA,NA,NA,NA,NA,NA,-0.27186969673421,NA,NA,2.01722814412771,NA,NA,NA,NA,NA,NA,NA,0.926862193759213,NA,NA,NA,NA,-0.307465925560251,NA,NA,NA,-0.603268974834976,NA,NA,NA,-0.288162578781495,NA,NA,NA,-0.165638619602333,NA,NA,NA,-0.443171505075211,NA,NA,NA,-0.586880234447668,NA,NA,NA,-0.326591846296707,NA,NA,NA,0.197987973727283,NA,NA,NA,0.502741060488292,NA,NA,NA,0.80329761881316,NA,"X1973_5"
NA,-0.652506893523551,-0.385853126627858,-0.588850698975185,-0.371579944345241,-0.437181251652801,NA,0.616535188001805,0.819993859033147,0.675808689134758,0.96951526952822,0.953599912713759,-0.371872928767631,NA,NA,NA,NA,NA,NA,NA,-0.621758619179303,NA,NA,0.447621147494226,NA,NA,NA,NA,NA,NA,NA,-0.27186969673421,NA,NA,NA,NA,0.330943978262193,NA,NA,NA,-0.30814054058666,NA,NA,NA,-0.0649819051306479,NA,NA,NA,-0.288162578781495,NA,NA,NA,0.3098977471958,NA,NA,NA,-0.443171505075211,NA,NA,NA,-0.665769210779579,NA,NA,NA,-0.324652577847126,NA,NA,NA,-0.142217491659696,NA,NA,NA,0.502760759057025,NA,"X1973_6"
NA,-1.03480208645241,-0.624984186452933,-1.14495024060977,-0.80700644340926,-0.710541558633138,NA,-0.650544787766867,-0.384706838969629,-0.58681463240332,-0.370043447399692,-0.43533726388058,0.227534943919487,NA,NA,NA,NA,NA,NA,NA,-0.917818485872203,NA,NA,-0.371872928767631,NA,NA,NA,NA,NA,NA,NA,-0.621758619179303,NA,NA,NA,NA,1.41447123506958,NA,NA,NA,0.329717688272603,NA,NA,NA,-0.302471186650545,NA,NA,NA,-0.0649819051306479,NA,NA,NA,0.424677989902432,NA,NA,NA,0.3098977471958,NA,NA,NA,-1.38716509977738,NA,NA,NA,-0.66381259622478,NA,NA,NA,-0.663926824897345,NA,NA,NA,-0.141560972664694,NA,"X1973_7"
NA,-1.24136481166398,-0.758214348355474,-1.47154838410945,-1.03164343585925,-1.09361790719062,NA,-1.03282682425182,-0.623599328658565,-1.14307525657744,-0.805284683783847,-0.708662250439305,-0.918960581097559,NA,NA,NA,NA,NA,NA,NA,-0.993731269545818,NA,NA,0.227534943919487,NA,NA,NA,NA,NA,NA,NA,-0.917818485872203,NA,NA,NA,NA,1.60368014046685,NA,NA,NA,1.4123086268056,NA,NA,NA,0.879103010589421,NA,NA,NA,-0.302471186650545,NA,NA,NA,1.48190602817618,NA,NA,NA,0.424677989902432,NA,NA,NA,-0.88467966611145,NA,NA,NA,-1.38517159181428,NA,NA,NA,-1.20243553608595,NA,NA,NA,-0.662755179528912,NA,"X1973_8"
NA,-1.41709727938127,-0.934146485226778,-1.73341536403262,-1.23935572339862,-1.26098136044388,NA,-1.23938244073966,-0.756696572913829,-1.46976800410827,-1.0298260990209,-1.09168910235153,-0.807495732408506,NA,NA,NA,NA,NA,NA,NA,-0.563098741260002,NA,NA,-0.918960581097559,NA,NA,NA,NA,NA,NA,NA,-0.993731269545818,NA,NA,NA,NA,1.52472966195576,NA,NA,NA,1.60135402938862,NA,NA,NA,1.43008251119336,NA,NA,NA,0.879103010589421,NA,NA,NA,1.13860876144906,NA,NA,NA,1.48190602817618,NA,NA,NA,0.274811647029981,NA,NA,NA,-0.882711856104981,NA,NA,NA,-0.855161035842044,NA,NA,NA,-1.2007321769417,NA,"X1973_9"
NA,-1.30610835240193,-0.741133558367969,-1.58335675755979,-1.15473219884554,-1.17544003989221,NA,-1.41510886073677,-0.932453190327832,-1.73171083771407,-1.23745001037023,-1.25903093085687,-0.734133676922682,NA,NA,NA,NA,NA,NA,NA,-0.113142960503794,NA,NA,-0.807495732408506,NA,NA,NA,NA,NA,NA,NA,-0.563098741260002,NA,NA,NA,NA,-0.405473416125743,NA,NA,NA,1.5224717750734,NA,NA,NA,-0.381169382953332,NA,NA,NA,1.43008251119336,NA,NA,NA,-0.696774484497579,NA,NA,NA,1.13860876144906,NA,NA,NA,0.200606184593212,NA,NA,NA,0.276720158685725,NA,NA,NA,0.55362374555894,NA,NA,NA,-0.853800569267465,NA,"X1973_10"
NA,-0.618593610279862,-0.905109142248019,-0.5300041866329,-0.456203468898319,-0.522722572204471,NA,-1.30412375337017,-0.739632823650334,-1.58160876452423,-1.15286249093162,-1.17350066295414,-0.641435872455017,NA,NA,NA,NA,NA,NA,NA,-0.162141208897165,NA,NA,-0.734133676922682,NA,NA,NA,NA,NA,NA,NA,-0.113142960503794,NA,NA,NA,NA,-0.571541664028383,NA,NA,NA,-0.406063339046931,NA,NA,NA,-0.144028987842069,NA,NA,NA,-0.381169382953332,NA,NA,NA,-0.561355249301268,NA,NA,NA,-0.696774484497579,NA,NA,NA,0.698286355554293,NA,NA,NA,0.202518491242059,NA,NA,NA,0.778537458423091,NA,NA,NA,0.553593203483389,NA,"X1973_11"
NA,0.152162827076715,-0.156970540795287,0.252654427519484,0.310024080691367,0.234132155285305,NA,-0.616632671627073,-0.90344481657989,-0.527951074289657,-0.454630966838308,-0.52086753178331,0.215592303266161,NA,NA,NA,NA,NA,NA,NA,0.964128476451204,NA,NA,-0.641435872455017,NA,NA,NA,NA,NA,NA,NA,-0.162141208897165,NA,NA,NA,NA,-0.612378118430672,NA,NA,NA,-0.57198808088239,NA,NA,NA,-0.575988747767272,NA,NA,NA,-0.144028987842069,NA,NA,NA,-0.616082859453962,NA,NA,NA,-0.561355249301268,NA,NA,NA,0.0976374550955624,NA,NA,NA,0.700173209995787,NA,NA,NA,0.796528121804811,NA,NA,NA,0.778284840609459,NA,"X1973_12"
NA,0.155245852826141,-0.211629068755304,0.270308381222169,0.420803967379033,0.353146166487628,NA,0.154097240640976,-0.156052598838791,0.254934248622065,0.311270572805893,0.235889403790848,1.41156458653077,NA,NA,NA,NA,NA,NA,NA,0.485187804803421,NA,NA,0.215592303266161,NA,NA,NA,NA,NA,NA,NA,0.964128476451204,NA,NA,NA,NA,-0.572902879175126,NA,NA,NA,-0.612789246907503,NA,NA,NA,-1.61667681264403,NA,NA,NA,-0.575988747767272,NA,NA,NA,-1.02612949383803,NA,NA,NA,-0.616082859453962,NA,NA,NA,-0.0943981305556543,NA,NA,NA,0.0995550277397359,NA,NA,NA,0.873457969880001,NA,NA,NA,0.796257740335072,NA,"X1974_1"
NA,1.0524063459092,1.05064131132134,1.0206014135863,1.35320134700022,1.34430972853198,NA,0.157180160290048,-0.210656596481976,0.272593316056164,0.422003325525537,0.354888037394646,1.51734244320649,NA,NA,NA,NA,NA,NA,NA,2.21944989747942,NA,NA,1.41156458653077,NA,NA,NA,NA,NA,NA,NA,0.485187804803421,NA,NA,NA,NA,-1.02346509274704,NA,NA,NA,-0.573348119749894,NA,NA,NA,-1.42002941953253,NA,NA,NA,-1.61667681264403,NA,NA,NA,-1.05094845789528,NA,NA,NA,-1.02612949383803,NA,NA,NA,-0.0488825187839838,NA,NA,NA,-0.092470736886191,NA,NA,NA,1.07201302789337,NA,NA,NA,0.873111629267646,NA,"X1974_2"
NA,1.63201518680134,2.18651384549044,1.50314281479303,1.87017415154266,1.85197887006689,NA,1.05430977817006,1.05035447409033,1.02310368200537,1.3540039942492,1.34592353287628,2.16736451044074,NA,NA,NA,NA,NA,NA,NA,2.24567428921642,NA,NA,1.51734244320649,NA,NA,NA,NA,NA,NA,NA,2.21944989747942,NA,NA,NA,NA,-1.12827865904625,NA,NA,NA,-1.02352098489364,NA,NA,NA,-1.81975173409066,NA,NA,NA,-1.42002941953253,NA,NA,NA,-1.7638837550212,NA,NA,NA,-1.05094845789528,NA,NA,NA,0.0745585322786068,NA,NA,NA,-0.046957452860041,NA,NA,NA,1.2774909114434,NA,NA,NA,1.07147063760269,NA,"X1974_3"
NA,1.99735373810836,2.06182407858165,1.83856793514405,2.21943851651627,2.21645927937401,NA,1.63389867219563,2.18509380011278,1.50578485853741,1.87075684027421,1.85352707934249,1.32341636438606,NA,NA,NA,NA,NA,NA,NA,1.10698253575756,NA,NA,2.16736451044074,NA,NA,NA,NA,NA,NA,NA,2.24567428921642,NA,NA,NA,NA,-0.967655271730582,NA,NA,NA,-1.12824397769143,NA,NA,NA,-1.09998371866276,NA,NA,NA,-1.81975173409066,NA,NA,NA,-1.10418642991483,NA,NA,NA,-1.7638837550212,NA,NA,NA,0.285892415565676,NA,NA,NA,0.0764772852180046,NA,NA,NA,1.11529214216512,NA,NA,NA,1.27674563600149,NA,"X1974_4"
NA,1.8848232982543,2.32999248138548,1.75324049224774,2.15327830641114,2.17926740087328,NA,1.99922465061068,2.06052843048926,1.84130713978529,2.21987260232086,2.21796039475412,0.817843695009943,NA,NA,NA,NA,NA,NA,NA,-0.723895817625036,NA,NA,1.32341636438606,NA,NA,NA,NA,NA,NA,NA,1.10698253575756,NA,NA,NA,NA,-0.123701880749952,NA,NA,NA,-0.967759391325984,NA,NA,NA,-0.803828633065951,NA,NA,NA,-1.09998371866276,NA,NA,NA,-0.507395941201478,NA,NA,NA,-1.10418642991483,NA,NA,NA,-0.129510319843158,NA,NA,NA,0.287800360532139,NA,NA,NA,0.454281356844219,NA,NA,NA,1.11470701885864,NA,"X1974_5"
NA,0.260068728306635,0.38107434381113,0.385059080289624,0.56543326388793,0.555841904316586,NA,1.88669808341955,2.32842929392614,1.75595498052048,2.15374054166885,2.18077332175293,-0.597077412985341,NA,NA,NA,NA,NA,NA,NA,-0.98130917608642,NA,NA,0.817843695009943,NA,NA,NA,NA,NA,NA,NA,-0.723895817625036,NA,NA,NA,NA,0.491567365577862,NA,NA,NA,-0.124535293473653,NA,NA,NA,-1.34679142347832,NA,NA,NA,-0.803828633065951,NA,NA,NA,-0.22612694087863,NA,NA,NA,-0.507395941201478,NA,NA,NA,-1.44249361084975,NA,NA,NA,-0.12758113047683,NA,NA,NA,-0.154736279105382,NA,NA,NA,0.454348903649135,NA,"X1974_6"
NA,-0.689503202516667,-0.351691546652848,-0.659466513785926,-0.419276840002431,-0.4576367848282,NA,0.261999428358503,0.381455502961315,0.387377254377808,0.566571086020627,0.557557585251116,-1.06454731407256,NA,NA,NA,NA,NA,NA,NA,-1.07999579790605,NA,NA,-0.597077412985341,NA,NA,NA,NA,NA,NA,NA,-0.98130917608642,NA,NA,NA,NA,1.68671426441817,NA,NA,NA,0.490202274638047,NA,NA,NA,-1.84561709761787,NA,NA,NA,-1.34679142347832,NA,NA,NA,-0.387181429157175,NA,NA,NA,-0.22612694087863,NA,NA,NA,-2.71339653900387,NA,NA,NA,-1.44049727329283,NA,NA,NA,-1.14367812382265,NA,NA,NA,-0.154067399285749,NA,"X1974_7"
NA,-1.05021721519954,-0.669394240420446,-1.19496977610071,-0.822392538782547,-0.844432321235752,NA,-0.687539823555733,-0.350579340442639,-0.657450902139716,-0.417720049265094,-0.455790154031233,-1.15610772393403,NA,NA,NA,NA,NA,NA,NA,-1.0799957974947,NA,NA,-1.06454731407256,NA,NA,NA,NA,NA,NA,NA,-1.07999579790605,NA,NA,NA,NA,1.6145698616408,NA,NA,NA,1.68431640030635,NA,NA,NA,-0.17149121043276,NA,NA,NA,-1.84561709761787,NA,NA,NA,0.653579420199224,NA,NA,NA,-0.387181429157175,NA,NA,NA,-1.35627467244912,NA,NA,NA,-2.71133520531743,NA,NA,NA,-1.07825747507998,NA,NA,NA,-1.14203278068609,NA,"X1974_8"
-0.939491794478014,-1.17816278380074,-0.749673953361721,-1.3979902436816,-0.940865473156856,-0.95600795673793,NA,-1.04824142249718,-0.667965076743653,-1.19310928097405,-0.820664232772686,-0.842535713243579,-0.910430113415777,NA,NA,NA,-0.208239998665352,NA,NA,NA,-0.845356278002014,NA,NA,-1.15610772393403,NA,NA,NA,NA,NA,NA,NA,-1.0799957974947,NA,NA,NA,NA,0.92443378224212,NA,NA,NA,1.61223434032865,NA,NA,NA,0.846527768112769,NA,NA,NA,-0.17149121043276,NA,NA,NA,1.03677070721106,NA,NA,NA,0.653579420199224,NA,NA,NA,-0.319066984930676,NA,NA,NA,-1.35428274427482,NA,NA,NA,-1.17785622301129,NA,NA,NA,-1.07667672711047,NA,"X1974_9"
-0.907695032125525,-1.17045521942717,-0.829953666302996,-1.31266280078528,-0.951635739918157,-1.00807658663895,-0.937316073875839,-1.17618258793368,-0.748164698282082,-1.39618855646619,-0.93908675998675,-0.95409693224714,-0.992322646413529,NA,NA,NA,-0.492999089586079,NA,NA,NA,-0.619688275342613,NA,NA,-0.910430113415777,NA,NA,NA,-0.208730637886952,NA,NA,NA,-0.845356278002014,NA,NA,NA,NA,-1.32837728561746,NA,NA,NA,0.922694634504243,NA,NA,NA,-0.643900468184515,NA,NA,NA,0.846527768112769,NA,NA,NA,-0.392890347335017,NA,NA,NA,1.03677070721106,NA,NA,NA,-0.467864143886375,NA,NA,NA,-0.317128101315257,NA,NA,NA,NA,NA,NA,NA,-1.17617713303686,NA,"X1974_10"
-0.831382802479553,-0.928437698097205,-0.821413271309243,-0.94781442426312,-0.720844309318853,-0.768188970309263,-0.905509644405505,-1.168475288811,-0.82836431982051,-1.31083639720138,-0.949852444278937,-1.0061588344488,-0.794984373266427,NA,NA,NA,0.663596133077307,NA,NA,NA,-0.489256307593197,NA,NA,-0.992322646413529,NA,NA,NA,-0.493216483012501,NA,NA,NA,-0.619688275342613,NA,NA,NA,NA,-0.657298218273189,NA,NA,NA,-1.32816969121448,NA,NA,NA,-0.951557715967224,NA,NA,NA,-0.643900468184515,NA,NA,NA,-1.18926988390274,NA,NA,NA,-0.392890347335017,NA,NA,NA,-0.631721240029206,NA,NA,NA,-0.465917650532083,NA,NA,NA,0.799819329479441,NA,NA,NA,NA,NA,"X1974_11"
-0.479498632445347,-0.356536421578626,-0.351691546652848,-0.232829299304363,-0.139249904208609,-0.212170386723408,-0.829174213676701,-0.926466096358828,-0.819832445188763,-0.945882336896667,-0.719159209446346,-0.766302213591145,0.336156285924296,NA,NA,NA,0.33684847230854,NA,NA,NA,0.416866301060262,NA,NA,-0.794984373266427,NA,NA,NA,0.662268907545812,NA,NA,NA,-0.489256307593197,NA,NA,NA,NA,-0.719914115023365,NA,NA,NA,-0.657670529535127,NA,NA,NA,-1.46533432429783,NA,NA,NA,-0.951557715967224,NA,NA,NA,-1.2286825029676,NA,NA,NA,-1.18926988390274,NA,NA,NA,-0.619021480365637,NA,NA,NA,-0.629766366745332,NA,NA,NA,0.961291234374778,NA,NA,NA,0.799545698330685,NA,"X1974_12"
0.00805172362614284,0.0658381060927782,0.167564468967313,0.179096287091628,0.257711356422192,0.185782713234361,-0.477183060871662,-0.354584501455936,-0.350579340442639,-0.230690105815657,-0.137812257668217,-0.210355472223398,0.556242512210065,NA,NA,NA,0.836894595756694,NA,NA,1.65484111503993,1.55969877211758,NA,NA,0.336156285924296,NA,NA,NA,0.335834783472574,NA,NA,NA,0.416866301060262,NA,NA,NA,NA,-0.956765550556638,NA,NA,NA,-0.7202323174403,NA,NA,NA,-1.94577905874724,NA,NA,NA,-1.46533432429783,NA,NA,NA,-1.34066316530337,NA,NA,NA,-1.2286825029676,NA,NA,NA,-1.06590388947932,NA,NA,NA,-0.617067256568994,NA,NA,NA,1.17693695690282,NA,NA,NA,0.960858168783353,NA,"X1975_1"
0.826288408163513,1.03082516566321,1.36492784709143,1.01765908796918,1.26396199383515,1.22529571732966,0.0105155243401379,0.0677754904669546,0.168158637167622,0.181354800979986,0.25898010624384,0.187546208889304,1.5423651665752,NA,NA,NA,2.2729049544833,NA,NA,1.61087307204473,1.51829180961912,NA,NA,0.556242512210065,NA,NA,NA,0.835401078514951,NA,NA,1.65484111503993,1.55969877211758,NA,NA,NA,NA,-1.07791369861676,NA,NA,NA,-0.956879080385954,NA,NA,NA,-1.39382967098775,NA,NA,NA,-1.94577905874724,NA,NA,NA,-1.32260730131051,NA,NA,NA,-1.34066316530337,NA,NA,NA,-0.694041545593877,NA,NA,NA,-1.06392681135895,NA,NA,NA,1.0009243091702,NA,NA,NA,1.17629096661959,NA,"X1975_2"
0.885642364554825,0.981496753672391,1.27439966015766,0.982351180563812,1.28857974643241,1.25690881405527,0.82900097604342,1.03272934062655,1.36432746053865,1.02016050409969,1.26480261011394,1.22692489927248,1.76188267581284,NA,NA,NA,0.83689460485748,NA,NA,NA,2.10765111886872,NA,NA,1.5423651665752,NA,NA,NA,2.27003348723095,NA,NA,1.61087307204473,1.51829180961912,NA,NA,NA,NA,-1.21811885873128,NA,NA,NA,-1.07792253959379,NA,NA,NA,-1.80544227319861,NA,NA,NA,-1.39382967098775,NA,NA,NA,-1.70954004064511,NA,NA,NA,-1.32260730131051,NA,NA,NA,-0.682861824524736,NA,NA,NA,-0.692083485143963,NA,NA,NA,1.38046784741056,NA,NA,NA,1.00045211059651,NA,"X1975_3"
1.30112005929401,1.32679563760814,1.53061150997024,1.25451630014688,1.57629972991288,1.57118018738641,0.888372977721379,0.983402626241397,1.27388958944212,0.98484236923149,1.28940988849608,1.25853391132349,1.54918951523004,NA,NA,NA,1.24838291572244,NA,NA,1.8834750120164,1.77501504623551,NA,NA,1.76188267581284,NA,NA,NA,0.835401087607005,NA,NA,NA,2.10765111886872,NA,NA,NA,NA,-0.97582256261104,NA,NA,NA,-1.21800654294668,NA,NA,NA,-1.13694776449498,NA,NA,NA,-1.80544227319861,NA,NA,NA,-1.27775632891036,NA,NA,NA,-1.70954004064511,NA,NA,NA,-0.355079323070822,NA,NA,NA,-0.680904335824703,NA,NA,NA,1.11716995652635,NA,NA,NA,1.37962089440186,NA,"X1975_4"
1.11033948517908,0.879756903941323,1.51011456198523,0.888196760816156,1.26703921290981,1.24947043835513,1.30397698946709,1.32868962693748,1.52984582839456,1.25708632550718,1.57700745458738,1.57276467818352,0.388476568228344,NA,NA,NA,0.375019896961095,NA,NA,NA,-0.29809411263752,NA,NA,1.54918951523004,NA,NA,NA,1.24649454733536,NA,NA,1.8834750120164,1.77501504623551,NA,NA,NA,NA,-0.0556411234128049,-0.130346015712779,NA,NA,-0.975919624531007,NA,NA,NA,-1.3772801716872,-1.19406419282123,NA,NA,-1.13694776449498,NA,NA,NA,-0.800521297124831,-1.05517916344807,NA,NA,-1.27775632891036,NA,NA,NA,-1.4139365481005,-0.52772019384776,NA,NA,-0.353138597723402,NA,NA,NA,0.269649766531307,0.167957770775708,NA,NA,1.11658297909988,NA,"X1975_5"
-0.3332335256239,-0.398157269195881,0.107781704011045,-0.303445114115105,-0.0792441322527906,-0.132207847946847,1.11313841264508,0.881666277822014,1.50936932927836,0.890660676249629,1.2678785199117,1.25109649672326,-0.291686494712814,NA,NA,NA,-0.759435906684444,NA,NA,NA,-0.745979540610362,NA,NA,0.388476568228344,NA,NA,NA,0.373969580036282,NA,NA,NA,-0.29809411263752,NA,NA,NA,NA,0.940768364003035,0.306098657736437,NA,NA,-0.0565333500984648,-0.130503743349966,NA,NA,-1.45370335563833,-2.2355602374954,NA,NA,-1.3772801716872,-1.19304276179461,NA,NA,-0.26526542160301,-0.685912322217576,NA,NA,-0.800521297124831,-1.05455496630528,NA,NA,-2.10856098877519,-2.09444218384498,NA,NA,-1.41194167100016,-0.526454489272894,NA,NA,-0.589137309631078,-0.339370760369958,NA,NA,0.269899615234003,0.168829812723418,"X1975_6"
-0.784747551029237,-0.846737515737408,-0.338026914662844,-0.874256283835264,-0.582369450959272,-0.62871942593154,-0.330873485308122,-0.396203916718411,0.108435514745388,-0.301326375552053,-0.0778320166117433,-0.130403265270845,-0.924647565823036,NA,NA,NA,-0.782338776037231,NA,NA,-0.697449817228756,-0.65557431676127,NA,NA,-0.291686494712814,NA,NA,NA,-0.75939763578873,NA,NA,NA,-0.745979540610362,NA,NA,NA,NA,0.855011809758229,-1.1381806516164,NA,NA,0.939015100914288,0.305489188639635,NA,NA,-1.92651694629397,-2.38032634040268,NA,NA,-1.45370335563833,-2.23345208051255,NA,NA,-0.79393431945795,-0.672624470418768,NA,NA,-0.26526542160301,-0.685661504916205,NA,NA,-2.80400896988953,-2.36180495458797,NA,NA,-2.10653058740379,-2.09175818082759,NA,NA,-0.909859965482721,-0.57589074160137,NA,NA,-0.588039510079301,-0.338055108345195,"X1975_7"
-0.962809420203172,-1.18278732242488,-0.741133558367969,-1.43329815108697,-0.973176273440758,-0.978323083838365,-0.782524783786877,-0.844768725658415,-0.336928341031842,-0.872302889254588,-0.580743268546791,-0.626850689836693,-0.987204364245195,NA,NA,NA,-0.959454353879516,NA,NA,NA,-1.02616673433837,NA,NA,-0.924647565823036,NA,NA,NA,-0.782278528274236,NA,NA,-0.697449817228756,-0.65557431676127,NA,NA,NA,NA,1.10411418161219,0.217350855057348,NA,NA,0.853332652261551,-1.13729522139838,NA,NA,-0.681103360457851,-1.43817803136796,NA,NA,-1.92651694629397,-2.37806713043944,NA,NA,0.563006562905734,0.923023311554541,NA,NA,-0.79393431945795,-0.672387088973108,NA,NA,-3.08408294374991,-2.53121142921284,NA,NA,-2.80194300212981,-2.35887891743577,NA,NA,-1.66643738062594,-1.36274522611684,NA,NA,-0.908445490172891,-0.574368275568214,"X1975_8"
-1.04336121816281,-1.34002163564562,-0.87607179926926,-1.66279954922188,-1.16088663699486,-1.1847380095174,-0.960640788820752,-1.18080696740728,-0.739632823650334,-1.43150669133439,-0.971383812863312,-0.976409176047852,-1.07990216659429,NA,NA,NA,-0.948766347696174,NA,NA,-0.298806117802112,-0.280151086889257,NA,NA,-0.987204364245195,NA,NA,NA,-0.959224151623587,NA,NA,NA,-1.02616673433837,NA,NA,NA,NA,1.83917036085338,1.65433582446396,NA,NA,1.10221976501474,0.216833244251777,NA,NA,1.0763628742178,0.179371210223023,NA,NA,-0.681103360457851,-1.43690188516888,NA,NA,1.28495217978833,1.57694211723446,NA,NA,0.563006562905734,0.921647272434721,NA,NA,-1.07221961472698,-1.76219802317824,NA,NA,-3.08200265253253,-2.52813203432349,NA,NA,-1.6031570646922,-1.6818250792577,NA,NA,-1.66427587444039,-1.36053473140586,"X1975_9"
-1.04336121816281,-1.35543676439275,-0.966599986203038,-1.70399210786148,-1.19165882774143,-1.21263191839294,-1.04121707681227,-1.33803586950997,-0.874436442831948,-1.66107456797768,-1.15901431052715,-1.18279743120444,-1.03554370576874,NA,NA,NA,-0.758672474551079,NA,NA,NA,-0.227012136631228,NA,NA,-1.07990216659429,NA,NA,NA,-0.948546401312108,NA,NA,-0.298806117802112,-0.280151086889257,NA,NA,NA,NA,-0.0760593506139491,-0.188700735282591,NA,NA,1.83664075346677,1.6523308643401,NA,NA,-0.198456973635126,0.173548210376851,NA,NA,1.0763628742178,0.178959560529545,NA,NA,-0.321310631488964,-0.0701895789795952,NA,NA,1.28495217978833,1.5749048757734,NA,NA,0.132646861428971,-0.0385158535168749,NA,NA,-1.07024221360972,-1.75981478914132,NA,NA,0.35069863796413,0.0491541806998891,NA,NA,-1.60105804034774,-1.67933557985933,"X1975_10"
-0.918293952909688,-0.914564082224787,-0.947811117216783,-0.986064657285605,-0.756232328677413,-0.805380848809989,-1.04121707681227,-1.35345046775533,-0.964874313928474,-1.70227905865724,-1.18977340850483,-1.21068773595533,-0.191026885376212,NA,NA,NA,NA,NA,NA,-0.133925911526831,-0.124874935100434,NA,NA,-1.03554370576874,NA,NA,NA,-0.758634936220635,NA,NA,NA,-0.227012136631228,NA,NA,NA,NA,-0.813837960148628,-0.808719630711839,NA,NA,-0.0769339331110212,-0.188798062947461,NA,NA,-0.995914912175086,-0.547285702821518,NA,NA,-0.198456973635126,0.173142636563458,NA,NA,-1.10929142694411,-1.20867829055424,NA,NA,-0.321310631488964,-0.0705613425183054,NA,NA,0.0854190516269532,0.224121547857147,NA,NA,0.134562643632775,-0.0376930084655222,NA,NA,1.03517211282794,0.834009370112155,NA,NA,0.350868460474937,0.0501301049773168,"X1975_11"
-0.589727408600641,-0.600095455783304,-0.751382032360472,-0.544715814718471,-0.428508497226403,-0.535739729679725,-0.916111787562283,-0.912592957938003,-0.946104189738629,-0.984143649670548,-0.754532172120677,-0.803489286592332,-0.25358370422135,NA,NA,NA,1.06439649964427,NA,NA,NA,0.0607663422718346,NA,NA,-0.191026885376212,NA,NA,NA,NA,NA,NA,-0.133925911526831,-0.124874935100434,NA,NA,NA,NA,-0.786613657213769,-0.769816484331964,NA,NA,-0.814074999298059,-0.80817520867085,NA,NA,-1.21878252638347,-0.501384234592133,NA,NA,-0.995914912175086,-0.546939138470196,NA,NA,-1.18421951034167,-0.912168228982829,NA,NA,-1.10929142694411,-1.20789888456696,NA,NA,-0.128892345311698,-0.119761875986499,NA,NA,0.0873372491409864,0.224706636484771,NA,NA,0.952205016468835,0.866989765152837,NA,NA,1.03466609859143,0.834299013903318,"X1975_12"
-0.25904108013476,-0.279460777842968,-0.48833786655289,-0.165155810110736,-0.086937179939434,-0.145225005422101,-0.587445349702156,-0.598135153732639,-0.749871073208431,-0.542666963818073,-0.426947778658398,-0.533883007333726,0.7461876942314,NA,NA,NA,0.545264600164349,NA,NA,0.403949963725768,0.381670380046893,NA,NA,-0.25358370422135,NA,NA,NA,1.06268467878865,NA,NA,NA,0.0607663422718346,NA,NA,NA,NA,-1.04524453509493,-0.813582524009323,NA,NA,-0.786874221947984,-0.769312328939186,NA,NA,-2.28203475576196,-0.627830323811543,NA,NA,-1.21878252638347,-0.501085565110128,NA,NA,-1.40324021888829,-0.833511771692163,NA,NA,-1.18421951034167,-0.911688635671389,NA,NA,-0.561969280000977,-0.18026407352159,NA,NA,-0.126963187549635,-0.118865481761862,NA,NA,1.13090023468532,0.828007374409645,NA,NA,0.95178092244487,0.867250570755949,"X1976_1"
0.0716452483311198,0.30631411454803,0.560422638679935,0.388001405906738,0.50696610146944,0.423810735639008,-0.256658483210674,-0.277511510229131,-0.487089334550602,-0.162997013984945,-0.085521791106163,-0.143418740821261,1.05840297226006,NA,NA,NA,2.1889277474414,NA,NA,NA,1.52864357610682,NA,NA,0.7461876942314,NA,NA,NA,0.544050921820059,NA,NA,0.403949963725768,0.381670380046893,NA,NA,NA,NA,-1.08471977435048,-0.9910781293675,NA,NA,-1.0452816067737,-0.813033068637308,NA,NA,-1.69604377898196,-0.844158120576797,NA,NA,-2.28203475576196,-0.627399716961249,NA,NA,-1.61979112987214,-1.32881148768483,NA,NA,-1.40324021888829,-0.833111710936236,NA,NA,0.00786452473559783,0.127910069460201,NA,NA,-0.560017973950546,-0.179312908780499,NA,NA,1.14310167150396,1.02270007976869,NA,NA,1.13029970023017,0.828302266369623,"X1976_2"
0.546476899461614,0.630031818237792,-0.0476534848752535,0.70283024693796,0.897772923950926,0.829202211296922,0.0741283832808075,0.308243223094586,0.560624870228017,0.390320432283491,0.508128799863038,0.425543476096902,0.834335917647253,NA,NA,NA,0.462050839817071,NA,NA,NA,NA,NA,NA,1.05840297226006,NA,NA,NA,2.18613686205438,NA,NA,NA,1.52864357610682,NA,NA,NA,NA,-1.11330529243208,-1.01052970255744,NA,NA,-1.08472273393131,-0.990344957413023,NA,NA,-1.91112670525585,-0.659441631213834,NA,NA,-1.69604377898196,-0.843501791283293,NA,NA,-1.42288424745696,-0.996187374648549,NA,NA,-1.61979112987214,-1.32791061042235,NA,NA,-0.0489731720726899,0.015129253244199,NA,NA,0.00978668851956666,0.128582254963235,NA,NA,1.14596316014017,1.0072735286173,NA,NA,1.14248908957046,1.02282473165597,"X1976_3"
0.809330134908853,0.705565949098737,0.517720663711172,0.749907456811788,1.01932307739989,0.981688913149899,0.549104396704474,0.631949786247166,-0.0468446035524202,0.70524046819159,0.898769344179558,0.830882571809841,1.30863022039583,NA,NA,NA,0.418535390230969,NA,NA,NA,0.763994762451274,NA,NA,0.834335917647253,NA,NA,NA,0.460917010758865,NA,NA,NA,NA,NA,NA,NA,NA,-0.820644035882343,-0.773463654305078,NA,NA,-1.11328355014889,-1.00977639727885,NA,NA,-1.0345850040153,-0.36103738798972,NA,NA,-1.91112670525585,-0.658978040245703,NA,NA,-0.716206655689533,-0.798593615805815,NA,NA,-1.42288424745696,-0.995622826362056,NA,NA,-0.0597264396428476,-0.108122612809592,NA,NA,-0.0470481015125843,0.0159035352627646,NA,NA,0.872428176484306,0.714533977421887,NA,NA,1.14534775282447,1.007411669542,"X1976_4"
0.211551002682069,0.0504229773456467,-0.39268544262286,0.132019077217801,0.297715204392738,0.237851343135378,0.812037546992575,0.707481317649435,0.517965497069278,0.75233131468252,1.02026778119139,0.983349571114708,-0.763705978080622,NA,NA,NA,0.106292823506088,NA,NA,NA,-0.44715920494506,NA,NA,1.30863022039583,NA,NA,NA,0.4174433172185,NA,NA,NA,0.763994762451274,NA,NA,NA,NA,-0.6069332578437,-0.718756104708379,NA,NA,-0.820875193635578,-0.77295572391403,NA,NA,-1.64914713329119,-1.14803378305407,NA,NA,-1.0345850040153,-0.360885160313093,NA,NA,-1.07717946413083,-1.24288156910217,NA,NA,-0.716206655689533,-0.798228862134229,NA,NA,-0.474484387575674,-0.579579756184089,NA,NA,-0.0578008191424152,-0.107236755201497,NA,NA,0.725655802408633,0.706021518155985,NA,NA,0.872082852671351,0.714928090969635,"X1976_5"
-0.458300790877022,-0.664838996521256,-0.790667849331734,-0.656524188168812,-0.442355983062361,-0.496688257253963,0.214076672950281,0.0523608922215937,-0.391532338675028,0.134263954489055,0.298966933614822,0.239608111090966,-0.77792343171665,NA,NA,NA,-1.01136754237138,NA,NA,NA,-1.10829056309632,NA,NA,-0.763705978080622,NA,NA,NA,0.105500368560798,NA,NA,NA,-0.44715920494506,NA,NA,NA,NA,0.701194498176276,0.216135131732977,NA,NA,-0.607349091437487,-0.718304799291378,NA,NA,-2.63713117186598,-2.8539071184145,NA,NA,-1.64914713329119,-1.14706038143795,NA,NA,-0.23974043645661,-0.218563755988368,NA,NA,-1.07717946413083,-1.2420675788704,NA,NA,-3.24309519617451,-3.19656412124173,NA,NA,-0.472537555650901,-0.57826710496715,NA,NA,-0.42889717584413,-0.350057781892027,NA,NA,0.725455398987093,0.706423075031831,"X1976_6"
-0.852580644047879,-1.09954562719037,-0.983680776190544,-1.33325908010508,-0.927017987320898,-0.974603895988293,-0.455978774558106,-0.662876466363156,-0.789117696514471,-0.654507724234033,-0.440789372748353,-0.494836580682479,-0.949670282920797,NA,NA,NA,-0.930444042021065,NA,NA,NA,-1.10829056309632,NA,NA,-0.77792343171665,NA,NA,NA,-1.01108752586572,NA,NA,NA,-1.10829056309632,NA,NA,NA,NA,1.67037968265726,0.771720690970558,NA,NA,0.699648260233626,0.215618779260163,NA,NA,-1.89349642580924,-2.92840610050312,NA,NA,-2.63713117186598,-2.85115376108847,NA,NA,0.144726589312842,0.0289650161952179,NA,NA,-0.23974043645661,-0.218785492715851,NA,NA,-3.30649440355546,-3.29838088015573,NA,NA,-3.24100677280106,-3.19288240590698,NA,NA,-1.22121367969819,-0.790957102582231,NA,NA,-0.427957594506474,-0.348732785093317,"X1976_7"
-0.996725966712493,-1.31227440390078,-1.10324630610308,-1.66279954922188,-1.16396385606952,-1.18659760344243,-0.850378499990257,-1.09756813688233,-0.981938063191969,-1.33143864254116,-0.925245165896794,-0.972690468747733,-1.03099412471692,NA,NA,NA,-0.964034932118451,NA,NA,NA,-1.09586847128228,NA,NA,-0.949670282920797,NA,NA,NA,-0.930241677140605,NA,NA,NA,-1.10829056309632,NA,NA,NA,NA,2.11277460534872,1.32365908023503,NA,NA,1.6679959338963,0.770629280427983,NA,NA,-0.339343959021334,-1.13525911510102,NA,NA,-1.89349642580924,-2.92557500886598,NA,NA,0.945058414580633,1.25367735564659,NA,NA,0.144726589312842,0.0284929936489596,NA,NA,-2.47656992948719,-2.36699064288277,NA,NA,-3.30440273783911,-3.29460699368181,NA,NA,-1.83846943747564,-1.52976709535094,NA,NA,-1.21949177935408,-0.789246581671202,"X1976_8"
-1.04760078647647,-1.38318399613759,-1.15278059706685,-1.76283862020376,-1.25320320923458,-1.25726217259381,-0.994567646922442,-1.31028959266832,-1.10138430803644,-1.66107456797768,-1.16209022032492,-1.1846567848545,-1.13734068356843,NA,NA,NA,-0.58232032156153,NA,NA,NA,-0.971647548205858,NA,NA,-1.03099412471692,NA,NA,NA,-0.963800334484874,NA,NA,NA,-1.09586847128228,NA,NA,NA,NA,0.511985592779006,0.19668355854304,NA,NA,2.11000856583503,1.32199638662096,NA,NA,-0.498886557504964,0.0601716354268793,NA,NA,-0.339343959021334,-1.13429904292894,NA,NA,0.170361331895373,0.328215995065689,NA,NA,0.945058414580633,1.25196697956293,NA,NA,-0.368174892868179,-0.461801880616122,NA,NA,-2.4745207075149,-2.36405991130891,NA,NA,-0.331876742143349,-0.479124118735491,NA,NA,-1.83613806994409,-1.52741055605597,"X1976_9"
-0.890736758870865,-1.03788511220184,-1.04175546214806,-1.18908512486649,-0.945481301768842,-1.01923415018916,-1.04545793407498,-1.38119674459698,-1.15086918090057,-1.7611426167709,-1.25129160446019,-1.25531222355676,-1.00938359177672,NA,NA,NA,-0.432688200411752,NA,NA,NA,0.36993839732626,NA,NA,-1.13734068356843,NA,NA,NA,-0.582452005165736,NA,NA,NA,-0.971647548205858,NA,NA,NA,NA,-0.42725285847363,-0.665264278436052,NA,NA,0.510602857650604,0.196187339394331,NA,NA,-1.11704417874271,-0.316152838688295,NA,NA,-0.498886557504964,0.0598843618868822,NA,NA,-0.673665183945433,-1.05696691096258,NA,NA,0.170361331895373,0.327441388397168,NA,NA,0.349824051416921,0.18274964756664,NA,NA,-0.366233497791126,-0.460595849577203,NA,NA,0.534239894146341,0.597560169846363,NA,NA,-0.331032957029716,-0.477686265820641,"X1976_10"
-0.72115402632426,-0.852903567236261,-1.04346354114681,-0.953699075497348,-0.754693719140085,-0.807240442735025,-0.888546215354659,-1.03590974390089,-1.03995481068785,-1.18722292516269,-0.943700624683401,-1.01731495634916,NA,NA,NA,NA,0.129959134093023,NA,NA,NA,-0.148338885527739,NA,NA,-1.00938359177672,NA,NA,NA,-0.432963466255231,NA,NA,NA,0.36993839732626,NA,NA,NA,NA,-0.83289497220303,-0.924213346527091,NA,NA,-0.427823960926991,-0.66486833966034,NA,NA,-1.58563786459758,-0.720354473271638,NA,NA,-1.11704417874271,-0.316047444799477,NA,NA,-1.28286132593964,-1.45990114982144,NA,NA,-0.673665183945433,-1.05634090615983,NA,NA,0.0566085427113944,0.333083699736198,NA,NA,0.351728726811182,0.18337218872389,NA,NA,0.878687532650862,0.974858888054421,NA,NA,0.534228491335597,0.598056565754763,"X1976_11"
-0.00466698131485255,0.013426668352531,-0.949519196215533,0.114365123515115,0.137699812510554,0.0704878898821102,-0.718911924846207,-0.850934564956559,-1.0416611856142,-0.951768692708033,-0.752994217221793,-0.805348640242392,0.0751238564847683,NA,NA,NA,0.358224468293809,NA,NA,NA,0.114595384038424,NA,NA,NA,NA,NA,NA,0.129143969706449,NA,NA,NA,-0.148338885527739,NA,NA,NA,NA,-0.704940748409192,-0.783189440900046,NA,NA,-0.833115543443112,-0.923549382874226,NA,NA,-1.33710534726794,-0.39989520981528,NA,NA,-1.58563786459758,-0.719827324148995,NA,NA,-0.782406725666133,-1.03015236075035,NA,NA,-1.28286132593964,-1.4588677227825,NA,NA,0.311969919347785,0.239794898197762,NA,NA,0.0585282136436783,0.33357014875112,NA,NA,0.881332621960083,0.829333304949103,NA,NA,0.878336028462674,0.975025372469221,"X1976_12"
0.622789129107587,0.435801196023935,-0.532747920520404,0.496867453739964,0.590051016485189,0.527947995441041,-0.002207047447996,0.0153658564327273,-0.947810564664978,0.116604887054956,0.139019624130892,0.0722662825856243,1.90235116009285,NA,NA,NA,1.55528147571534,NA,NA,0.834836876344604,0.399613411759603,NA,NA,0.0751238564847683,NA,NA,NA,0.357190267729835,NA,NA,NA,0.114595384038424,NA,NA,NA,NA,-0.473534173462891,-0.744286294520172,NA,NA,-0.705271889897758,-0.782671443846945,NA,NA,-1.01020475353805,-0.717673348896052,NA,NA,-1.33710534726794,-0.399702436806009,NA,NA,-1.24679707442629,-1.39125574611095,NA,NA,-0.782406725666133,-1.02955346916598,NA,NA,0.116172222215272,0.23460867402529,NA,NA,0.313876530666511,0.240365798291289,NA,NA,1.18784044843498,0.949197623014916,NA,NA,0.880978506058482,0.829627037510166,"X1977_1"
1.35411466321482,1.58268677481052,1.04722515332384,1.45312327930209,1.93787297118512,1.75899917381507,0.625439827433278,0.437725848355618,-0.53145508263569,0.499218014793768,0.59117836440277,0.529667280500226,2.32091296333019,NA,NA,NA,1.92172752915234,NA,NA,NA,1.73705863352314,NA,NA,1.90235116009285,NA,NA,NA,1.55309861720051,NA,NA,0.834836876344604,0.399613411759603,NA,NA,NA,NA,-1.02482630789379,-0.930291963148946,NA,NA,-0.474065282422119,-0.743808564115282,NA,NA,-1.49984848806257,-0.714009690002579,NA,NA,-1.01020475353805,-0.717148997333194,NA,NA,-1.41559124870093,-1.46148440916706,NA,NA,-1.24679707442629,-1.39029172906795,NA,NA,-0.149118243148183,0.225780625149768,NA,NA,0.118088846960045,0.235184269025579,NA,NA,1.36709810960894,1.01729376220425,NA,NA,1.18718369224113,0.949386545741505,"X1977_2"
1.87770134995247,1.37920707534838,0.690236642584975,1.30600699844638,1.61476496834609,1.59535490841188,1.35698770525098,1.58457195781047,1.04694172423764,1.4557508341408,1.9384268558251,1.76055939683952,1.83240122978372,NA,NA,NA,0.581909238816925,NA,NA,NA,0.912369744122888,NA,NA,2.32091296333019,NA,NA,NA,1.91919304062304,NA,NA,NA,1.73705863352314,NA,NA,-1.1119328361016,NA,-0.99896322010567,-0.83303409719926,NA,NA,-1.02488102376114,-0.929621707832298,-0.737615274182119,NA,-0.876472925109371,-0.0771253140018951,NA,NA,-1.49984848806257,-0.713489161203364,-1.22788956080434,NA,-0.983313373253755,-0.515312110005918,NA,NA,-1.41559124870093,-1.46044938123397,0.666607322845826,NA,0.0152629822201961,0.326226608962178,NA,NA,-0.147188050999428,0.226364211872935,1.02592641079161,NA,1.37198733730497,0.924535265656292,NA,NA,1.36626435763789,1.01742314139702,"X1977_3"
1.32231790086233,1.14335560551727,0.669739694599969,1.09857304243982,1.46859706229987,1.43357023693372,1.88073357719582,1.38109926097171,0.690309364630582,1.30859193885664,1.61545632705947,1.5969362756343,2.17646363983371,NA,NA,NA,1.35602649614669,NA,NA,NA,2.06831446010116,NA,NA,1.83240122978372,NA,NA,NA,0.580660397439226,NA,NA,NA,0.912369744122888,NA,NA,-1.10094418697391,NA,-0.887343578072748,-0.897467433390927,-1.11061295002885,NA,-0.99904028527857,-0.832464508503139,-0.710906180107919,NA,-0.725221710224593,-0.402298680079511,-0.735449086227646,NA,-0.876472925109371,-0.0772693280840981,-1.49869739386842,NA,-0.962948008604846,-0.959302474828845,-1.22635581671904,NA,-0.983313373253755,-0.515233793110945,0.708970692139127,NA,0.225867808776968,0.254488128264409,0.668609273133023,NA,0.0171847676345112,0.326719265460769,1.38566579448114,NA,1.36942306912586,1.0195251300902,1.0248357156357,NA,1.3711487577988,0.924745753245838,"X1977_4"
1.27144308109835,1.05548937165862,1.54085998396274,1.03237071605475,1.39012797589611,1.35360769815716,1.32518127578064,1.14525590781769,0.669832865514387,1.10109789650598,1.4693506116655,1.43517250807913,0.623917613647248,NA,NA,NA,0.175001467967586,NA,NA,NA,0.0373023774475875,NA,NA,2.17646363983371,NA,NA,NA,1.35403483639275,NA,NA,NA,2.06831446010116,NA,NA,-0.738318765759906,NA,-0.429975288767116,-0.473179993185422,-1.09963693467229,NA,-0.887517098143262,-0.896831153058707,-0.74499308804431,NA,-0.818687440772581,-0.993858386329812,-0.708748813347495,NA,-0.725221710224593,-0.402103399222481,-1.08488719078842,NA,-0.905914981793727,-0.953283650974194,-1.49685999991142,NA,-0.962948008604846,-0.958775222276785,0.270943701569485,NA,-0.235979415411052,-0.455117878332257,0.71096596934769,NA,0.227778823503544,0.255045727092329,1.40310248635999,NA,1.11636234612587,0.427575529414912,1.38414093705076,NA,1.36858702153177,1.01965255816605,"X1977_5"
-0.0385835278241736,-0.163847312239482,-0.127933197816528,-0.0621744135117383,0.113082059913295,0.0463131688566383,1.27429098862811,1.05739269781913,1.54008407795265,1.0348763936281,1.39091491182242,1.35522030112658,-0.740958048415663,NA,NA,NA,-1.00373325016024,NA,NA,-0.967120554254012,-0.909537089135694,NA,NA,0.623917613647248,NA,NA,NA,0.174143082385522,NA,NA,NA,0.0373023774475875,NA,NA,-0.381187669109754,NA,0.404449596186313,-0.129130292388408,-0.737428427905815,NA,-0.430544038661999,-0.472982870985251,-1.51930929951073,NA,-0.832134495407596,-1.25904299137039,-0.74282446342435,NA,-0.818687440772581,-0.993045855613096,-0.764672920492456,NA,-0.278878406681292,-0.482717582553652,-1.08351379158982,NA,-0.905914981793727,-0.952762484285378,-0.923157262333021,NA,-1.09349951664553,-0.954809344831285,0.273007976796877,NA,-0.234044781034745,-0.45391789808607,1.17776685588666,NA,0.508758103489676,0.0656399800998341,1.40155658493458,NA,1.11577616611933,0.428220560566178,"X1977_6"
-0.649081364991952,-0.837488438489129,NA,-0.906621865623521,-0.613141641705845,-0.669630492282339,-0.0361339055496865,-0.161902023388924,-0.127044225090849,-0.0599857872860337,0.114412345748749,0.0480946851348526,-0.945120701360526,NA,NA,NA,-1.01136754237138,NA,NA,-0.887245253844636,-0.837074884556236,NA,NA,-0.740958048415663,NA,NA,NA,-1.00346055927934,NA,NA,-0.967120554254012,-0.909537089135694,NA,NA,0.402669301999297,NA,1.52064601651553,0.670815655047759,-0.380707928817623,NA,0.403159787117806,-0.129289278358351,-1.68554173252848,NA,-1.15879624269636,-1.95939497109744,-1.51688494201053,NA,-0.832134495407596,-1.2579537596571,0.0845039198496708,NA,0.131552123479378,0.203319165686262,-0.763658569335388,NA,-0.278878406681292,-0.482672223233344,-2.15833888106358,NA,-2.4683319714769,-2.53639765338531,-0.920904892301959,NA,-1.09152102723802,-0.953157011434249,0.978083251749679,NA,-0.918946183388664,-0.889341329467262,1.17649290753139,NA,0.508771860938819,0.0666014891289698,"X1977_7"
-0.8864971905572,-1.14270798768233,NA,-1.3979902436816,-0.957790178067471,-0.996919023088728,-0.646817351380115,-0.835519966711198,NA,-0.904677846217102,-0.61150236652447,-0.667756470137999,-1.13790938154947,NA,NA,NA,-1.01136754237138,NA,NA,-1.08949830552162,-1.02478649784688,NA,NA,-0.945120701360526,NA,NA,NA,-1.01108752586572,NA,NA,-0.887245253844636,-0.837074884556236,NA,NA,0.411826509605711,NA,1.41311001992284,-0.0853642527110496,0.402247833283639,NA,1.51839165847089,0.669828686123981,0.136954278066638,NA,0.355732452532857,-0.129810826339045,-1.68306247355747,NA,-1.15879624269636,-1.9575749726388,1.05285347016871,NA,1.07515313787541,1.54941268968382,0.0845661108136353,NA,0.131552123479378,0.202670846983895,-1.08607303352207,NA,-1.30890896750372,-1.54761652437859,-2.15589194520342,NA,-2.46628317080775,-2.5333135635892,0.672102999298731,NA,-1.24120331402373,-1.2245372110634,0.977050297546497,NA,-0.917522736511374,-0.887544780998566,"X1977_8"
-0.979767693457833,-1.28452717215594,NA,-1.60983768811382,-1.12857583671096,-1.1438269431666,-0.884305358091948,-1.14072901196935,NA,-1.39618855646619,-0.956004263874473,-0.995002712548446,-0.991185250578562,NA,NA,NA,-0.189154294529788,NA,NA,-1.00742460675158,-1.00132254906494,NA,NA,-1.13790938154947,NA,NA,NA,-1.01108752586572,NA,NA,-1.08949830552162,-1.02478649784688,NA,NA,0.292782810722327,NA,1.07688987867733,0.421592373551689,0.411394512747438,NA,1.41094858793809,-0.08556853866023,0.175460153616394,NA,0.8932469850187,0.427512322799757,0.138831622539269,NA,0.355732452532857,-0.129899866891519,0.204793766865221,NA,0.731911005116203,0.766009093783601,1.05182987563898,NA,1.07515313787541,1.54740328428098,-0.474896830930168,NA,-0.0273657691886013,-0.217084228810964,-1.08379500099603,NA,-1.30691946169184,-1.54542754344304,1.01924391520837,NA,-0.739362458529021,-0.689028155074045,0.671439326548648,NA,-1.23946167627569,-1.2224475659882,"X1977_9"
-0.899215895498195,-1.07796444694438,NA,-1.24793163720877,-0.927017987320898,-0.963446332438075,-0.977604217871597,-1.28254331582667,NA,-1.60809736567538,-1.12671725765059,-1.14189165090313,-0.61243225618538,NA,NA,NA,-0.57315917236429,NA,NA,-0.582400070761106,-0.5472260662384,NA,NA,-0.991185250578562,NA,NA,NA,-0.189663247787952,NA,NA,-1.00742460675158,-1.00132254906494,NA,NA,NA,NA,-0.29793741953305,-0.516946032862781,0.292487679718041,NA,1.07501898766466,0.420863362843011,-0.00677116754111946,NA,-0.00088660963329136,0.154958279069897,0.177324780780109,NA,0.8932469850187,0.426841755764037,-1.20006708367883,NA,-0.4645798206172,-0.438014473826715,0.204721079911511,NA,0.731911005116203,0.764791817751028,0.891148558881278,NA,0.864271250367946,0.42061020859778,-0.472715070889708,NA,-0.025441803667697,-0.216099732075278,1.27543601009737,NA,0.490020370442486,0.495696659793035,1.01816128502286,NA,-0.738116329378328,-0.687406761238435,"X1977_10"
